[
  {
    "model": "products.productmaterial",
    "pk": 3,
    "fields": { "material_name": "குழைமம் ( பிளாஸ்டிக் )" }
  },
  {
    "model": "products.productmaterial",
    "pk": 4,
    "fields": { "material_name": "-" }
  },
  {
    "model": "products.productmaterial",
    "pk": 5,
    "fields": { "material_name": "இரப்பர்" }
  },
  {
    "model": "products.category",
    "pk": 2,
    "fields": {
      "name": "கைபேசி உறை",
      "slug": "phone-cases",
      "parent": null,
      "lft": 1,
      "rght": 2,
      "tree_id": 3,
      "level": 0
    }
  },
  {
    "model": "products.category",
    "pk": 3,
    "fields": {
      "name": "படச்சட்டகம்",
      "slug": "photo-frames",
      "parent": null,
      "lft": 1,
      "rght": 2,
      "tree_id": 4,
      "level": 0
    }
  },
  {
    "model": "products.category",
    "pk": 4,
    "fields": {
      "name": "இயற்கை உணவு",
      "slug": "organic-foods",
      "parent": null,
      "lft": 1,
      "rght": 2,
      "tree_id": 2,
      "level": 0
    }
  },
  {
    "model": "products.category",
    "pk": 5,
    "fields": {
      "name": "ஒட்டிகள்",
      "slug": "stickers",
      "parent": null,
      "lft": 1,
      "rght": 2,
      "tree_id": 5,
      "level": 0
    }
  },
  {
    "model": "products.category",
    "pk": 6,
    "fields": {
      "name": "குவளைகள்",
      "slug": "mugs",
      "parent": null,
      "lft": 1,
      "rght": 2,
      "tree_id": 1,
      "level": 0
    }
  },
  {
    "model": "products.category",
    "pk": 7,
    "fields": {
      "name": "கொசுவு சட்டைகள்",
      "slug": "t-shirts",
      "parent": null,
      "lft": 1,
      "rght": 2,
      "tree_id": 6,
      "level": 0
    }
  },
  {
    "model": "products.product",
    "pk": 1,
    "fields": {
      "product_id": "111",
      "name": "பூங்குழலி மரச்செக்கு கடலை எண்ணெய் | இயற்கை உணவு",
      "brand": "இராவணன்",
      "manufacturer": "இராவணன்",
      "supported_devices": "-",
      "quantity": 1,
      "category": 4,
      "origin": "தமிழ்நாடு",
      "description": "உணவே மருந்து என்ற அடிப்படையில் இயற்கையின் சுவையை சுகமாய் அனுபவித்து நலமுடன் வாழ \" பூங்குழலி மரச்செக்கு கடலை எண்ணையை\" வாங்கி தங்கள் வீட்டின் சமையலில் பயன்படுத்துங்கள். நலமுடன் வாழ்ந்து சுற்றமும் நட்பும் பெறுக !",
      "imageurl": "product/kadalai_enney_1.jpg",
      "created_at": "2020-12-17T17:49:02.139Z",
      "materials": [4]
    }
  },
  {
    "model": "products.product",
    "pk": 2,
    "fields": {
      "product_id": "121",
      "name": "பழுவேட்டரையர் பனங்கருப்பட்டி| இராவணன் | இயற்கை உணவு",
      "brand": "இராவணன்",
      "manufacturer": "இராவணன்",
      "supported_devices": "-",
      "quantity": null,
      "category": 4,
      "origin": "தமிழ்நாடு",
      "description": "1 கிலோ  | பழுவேட்டரையர் பனங்கருப்பட்டியை வாங்கிப் பயனடையுங்கள். உணவே மருந்து . !\r\n\r\n*1.பனங்கருப்பட்டியில் இரும்பு மற்றும் கால்சியம் சத்து அதிகமாக உள்ளது. இதனால் நோய் எதிர்ப்பு சக்தி அதிகரிக்கிறது*\r\n*2.விட்டமின்-பி, மற்றும் அமினோ அமிலங்கள் நிறைந்துள்ள கருப்பட்டி நீரிழிவு நோயை கட்டுப்படுத்துகிறது*\r\n*3.பருவம் அடைந்த பெண்களுக்கு கருப்பட்டியையும், உளுந்தையும் சேர்த்து உளுந்தங்களி செய்து கொடுத் தால் கருப்பை ஆரோக்கியமாக இருக்கும். நார்ச்சத்தும் இதில் அதிகம்*\r\n*4.குப்பைமேனிக் கீரையுடன் கருப்பட்டியைச் சேர்த்து வதக்கிச் சாப்பிட்டால் வறட்டு இருமல், நாள்பட்ட சளித் தொல்லை நீங்கும்*\r\n*5.கருப்பட்டி மற்றும் பனங்கல்கண்டில் எண்ணற்ற விட்டமின்களும், மினரல் சத்துக்களும் உள்ளன*\r\n*6.கருப் பட்டி இயற்கையாகவே உடலை குளிர்ச்சியடையச் செய்யும். அதில் உள்ள ‘கிளைசீமி இன்டெக்ஸ்’ உடலில் கலக்கும் சர்க்கரை அளவை, வெள்ளை சர்க்கரையை விட பாதிக்கும் கீழாக குறைக்கிறது*\r\n*7.சர்க்கரைக்குப் பதிலாக கருப்பட்டி காபி குடிக்கலாம். இதில் சுண்ணாம்பு மற்றும் நோய் எதிர்ப்பு சக்தி அதி கமாக இருக்கிறது. மேலும் இதை சர்க்கரை நோயாளிகளும் குடிக்கலாம்*\r\n*8.கருப்பட்டி பணியாரம் குழந்தைகளுக்கு ஏற்றது. கருப்பட்டியை பெரியவர்கள் முதல் சிறியவர்கள் வரை விரும்புகின்றனர்*\r\n*9.கருப்பட்டிஇரத்தத்தை சுத்திகரித்துஉடலுக்கு சுறுசுறுப்பை கொடுக்கும்*\r\n\r\n#இராவணன்அங்காடி",
      "imageurl": "product/கரபபடட_1_fgQA3TM.jpg",
      "created_at": "2020-12-18T09:34:46.271Z",
      "materials": [4]
    }
  },
  {
    "model": "products.product",
    "pk": 3,
    "fields": {
      "product_id": "1311",
      "name": "முடக்கத்தான் வடிசாறு பொடி | 5 பொட்டலங்கள் | தானிய வகை உணவு | இயற்கை உணவு | அனு",
      "brand": "அனு",
      "manufacturer": "அனு",
      "supported_devices": "-",
      "quantity": 5,
      "category": 4,
      "origin": "தமிழ்நாடு",
      "description": "இந்திய உணவுப் பாதுகாப்பு மற்றும் தர ஆணையத்தால் அங்கீகரிக்கப்பட்ட தயாரிப்பு : எண் : 22414579000325\r\n\r\nகுறிப்பு : எந்த ஒரு பதப்பொருளும் உணவு மணச்சாறும் சேர்க்கப்படாமல் முற்றிலும் இயற்கை முறையில் தயாரிக்கப்பட்டுள்ளது.\r\n\r\n\r\nஎடை : 50 கிராம்/ பொட்டலம் . \r\nமொத்த எடை : 250 கிராம் / 5 பொட்டலங்கள்\r\n\r\nதயாரிப்பு முறை :\r\n\r\nஒரு தேக்கரண்டி அளவு அனு முடக்கத்தான் வடிசாறு பொடியுடன் தேவையான அளவு உப்பு சேர்த்து ஒரு குவளை கொதிக்கும்  தண்ணீரில் ஆத்தி பருக வேண்டும். ஒரு பொட்டலத்திற்கு 25 குவளை வடிசாறு தயாரிக்கலாம். \r\n\r\n\r\nபயன்கள் :\r\nஉடல்வலி, மூட்டு வலி, இடுப்புப் பிடிப்பு, வாய்வுப் பிடிப்பு, முடக்குவாதம் போன்றவை  நீங்க இந்த வடிசாறை அருந்தலாம். \r\n\r\nபின் குறிப்பு : தயாரிக்கப்பட்ட தேதியிலிருந்து 6 மாதத்திற்குள் இந்தப் பொருளைப் பயன்பத்துவது சிறந்தது.",
      "imageurl": "product/1_mzJd1fO.jpg",
      "created_at": "2021-01-02T12:59:29.861Z",
      "materials": [4]
    }
  },
  {
    "model": "products.product",
    "pk": 4,
    "fields": {
      "product_id": "13110",
      "name": "கொள்ளு வடிசாறு பொடி | 5 பொட்டலங்கள் | தானிய உணவு வகை | இயற்கை உணவு | அனு",
      "brand": "அனு",
      "manufacturer": "அனு",
      "supported_devices": "-",
      "quantity": 5,
      "category": 4,
      "origin": "தமிழ்நாடு",
      "description": "இந்திய உணவுப் பாதுகாப்பு மற்றும் தர ஆணையத்தால் அங்கீகரிக்கப்பட்ட தயாரிப்பு : எண் : 22414579000325\r\n\r\nகுறிப்பு : கல்லினால் அரைக்கப்பட்டது. எந்த ஒரு பதப்பொருளும் உணவு மணச்சாறும் சேர்க்கப்படாமல் முற்றிலும் இயற்கை முறையில் தயாரிக்கப்பட்டுள்ளது.\r\n\r\n\r\nஎடை : 50 கிராம்/ பொட்டலம் . \r\nமொத்த எடை : 250 கிராம் / 5 பொட்டலங்கள்\r\n\r\nதயாரிப்பு முறை :\r\n\r\nஒன்றரை  தேக்கரண்டி அளவு அனு கொள்ளு வடிசாறு பொடியுடன் தேவையான அளவு உப்பு சேர்த்து ஒரு குவளை கொதிக்கும்  தண்ணீரில் ஆத்தி பருக வேண்டும். இரண்டு சொட்டு நல்லெண்ணெய் சேர்க்க வேண்டும். ஒரு பொட்டலத்திற்கு 20 குவளை வடிசாறு தயாரிக்கலாம். \r\n\r\n\r\nபயன்கள் :\r\nஉடலில் உள்ள கொழுப்பைக் குறைத்து உடல் எடையைக் குறைக்க   இந்த வடிசாறு பயன்படுகிறது.\r\n\r\nபின் குறிப்பு : தயாரிக்கப்பட்ட தேதியிலிருந்து 12 மாதத்திற்குள் இந்தப் பொருளைப் பயன்பத்துவது சாலச் சிறந்தது.",
      "imageurl": "product/1_RtPVom6.jpg",
      "created_at": "2021-01-02T13:47:41.340Z",
      "materials": [4]
    }
  },
  {
    "model": "products.product",
    "pk": 5,
    "fields": {
      "product_id": "13111",
      "name": "காளான் வடிசாறு பொடி | 5 பொட்டலங்கள் | இயற்கை உணவு | அனு",
      "brand": "அனு",
      "manufacturer": "அனு",
      "supported_devices": "-",
      "quantity": 5,
      "category": 4,
      "origin": "தமிழ்நாடு",
      "description": "இந்திய உணவுப் பாதுகாப்பு மற்றும் தர ஆணையத்தால் அங்கீகரிக்கப்பட்ட தயாரிப்பு : எண் : 22414579000325\r\n\r\nகுறிப்பு : கல்லினால் அரைக்கப்பட்டது. எந்த ஒரு பதப்பொருளும் உணவு மணச்சாறும் சேர்க்கப்படாமல் முற்றிலும் இயற்கை முறையில் தயாரிக்கப்பட்டுள்ளது.\r\n\r\n\r\nஎடை : 40 கிராம்/ பொட்டலம் . \r\nமொத்த எடை : 200 கிராம் / 5 பொட்டலங்கள்\r\n\r\nதயாரிப்பு முறை :\r\n\r\nஒன்றரை  தேக்கரண்டி அளவு அனு காளான் வடிசாறு பொடியுடன் தேவையான அளவு உப்பு சேர்த்து ஒரு குவளை கொதிக்கும்  தண்ணீரில் ஆத்தி பருக வேண்டும். இரண்டு சொட்டு நல்லெண்ணெய் சேர்க்க வேண்டும். ஒரு பொட்டலத்திற்கு 10 குவளை வடிசாறு தயாரிக்கலாம். \r\n\r\n\r\nசேர்க்கப்பட்டுள்ள பொருட்கள் : காளான், பட்டை , சோம்பு,கிராம்பு, ஏலக்காய், தக்காளி , மிளகாய் வத்தல்.\r\n\r\n\r\n\r\nபயன்கள் :\r\nபெண்களுக்கு உண்டாகும் கருப்பை மலட்டுத் தன்மையைக் குணப்படுத்த மூட்டுவாதம் உள்ளவர்களுக்கு சிறந்த நிவாரணியாக , எளிதில் உணவு செரிக்க  இந்த வடிசாறு பயன்படும். \r\n\r\nபின் குறிப்பு : தயாரிக்கப்பட்ட தேதியிலிருந்து 6 மாதத்திற்குள் இந்தப் பொருளைப் பயன்பத்துவது சாலச் சிறந்தது.",
      "imageurl": "product/1_oEphmZF.jpg",
      "created_at": "2021-01-02T13:55:07.836Z",
      "materials": [4]
    }
  },
  {
    "model": "products.product",
    "pk": 6,
    "fields": {
      "product_id": "1315",
      "name": "கரிசலாங்கன்னி வடிசாறு பொடி | 5  பொட்டலங்கள் | தானிய உணவு வகை |  இயற்கை உணவு | அனு",
      "brand": "அனு",
      "manufacturer": "அனு",
      "supported_devices": "-",
      "quantity": 5,
      "category": 4,
      "origin": "தமிழ்நாடு",
      "description": "இந்திய உணவுப் பாதுகாப்பு மற்றும் தர ஆணையத்தால் அங்கீகரிக்கப்பட்ட தயாரிப்பு : எண் : 22414579000325\r\n\r\nகுறிப்பு : கல்லினால் அரைக்கப்பட்டது. எந்த ஒரு பதப்பொருளும் உணவு மணச்சாறும் சேர்க்கப்படாமல் முற்றிலும் இயற்கை முறையில் தயாரிக்கப்பட்டுள்ளது.\r\n\r\n\r\nஎடை : 50 கிராம்/ பொட்டலம் . \r\nமொத்த எடை : 250 கிராம் / 5 பொட்டலங்கள்\r\n\r\nதயாரிப்பு முறை :\r\n\r\nஒன்றரை  தேக்கரண்டி அளவு அனு கரிசலாங்கன்னி வடிசாறு பொடியுடன் தேவையான அளவு உப்பு சேர்த்து ஒரு குவளை கொதிக்கும்  தண்ணீரில் ஆத்தி பருக வேண்டும். இரண்டு சொட்டு நல்லெண்ணெய் சேர்க்க வேண்டும். ஒரு பொட்டலத்திற்கு 20 குவளை வடிசாறு தயாரிக்கலாம். \r\n\r\n\r\nபயன்கள் :\r\nபார்வைத் தெளிவு, முடி  நன்கு வளர, உடல் சூடு தனிய, உடல் வனப்பு கூட, மஞ்சள் காமாலை குணமாக, கல்லீரலைக் பலப்படுத்த  இந்த வடிசாறை அருந்தலாம். \r\n\r\nபின் குறிப்பு : தயாரிக்கப்பட்ட தேதியிலிருந்து 12 மாதத்திற்குள் இந்தப் பொருளைப் பயன்பத்துவது சாலச் சிறந்தது.",
      "imageurl": "product/1_1srYC3Y.jpg",
      "created_at": "2021-01-02T13:31:16.140Z",
      "materials": [4]
    }
  },
  {
    "model": "products.product",
    "pk": 7,
    "fields": {
      "product_id": "1316",
      "name": "கண்டங்கத்திரி வடிசாறு பொடி | 5 பொட்டலங்கள் | தானிய வகை உணவு | இயற்கை உணவு | அனு",
      "brand": "அனு",
      "manufacturer": "அனு",
      "supported_devices": "-",
      "quantity": 5,
      "category": 4,
      "origin": "தமிழ்நாடு",
      "description": "இந்திய உணவுப் பாதுகாப்பு மற்றும் தர ஆணையத்தால் அங்கீகரிக்கப்பட்ட தயாரிப்பு : எண் : 22414579000325\r\n\r\nகுறிப்பு : கல்லினால் அரைக்கப்பட்டது. எந்த ஒரு பதப்பொருளும் உணவு மணச்சாறும் சேர்க்கப்படாமல் முற்றிலும் இயற்கை முறையில் தயாரிக்கப்பட்டுள்ளது.\r\n\r\n\r\nஎடை : 50 கிராம்/ பொட்டலம் . \r\nமொத்த எடை : 250 கிராம் / 5 பொட்டலங்கள்\r\n\r\nதயாரிப்பு முறை :\r\n\r\nஒன்றரை  தேக்கரண்டி அளவு அனு கண்டங்கத்திரி வடிசாறு பொடியுடன் தேவையான அளவு உப்பு சேர்த்து ஒரு குவளை கொதிக்கும்  தண்ணீரில் ஆத்தி பருக வேண்டும். இரண்டு சொட்டு நல்லெண்ணெய் சேர்க்க வேண்டும். ஒரு பொட்டலத்திற்கு 20 குவளை வடிசாறு தயாரிக்கலாம். \r\n\r\n\r\nபயன்கள் :\r\nஉறைந்த சளி வெளியேற, இருமல் குணமாக, எலும்புருக்கிக் காய்ச்சல் குணமாக, கீழ்வாதம், ஆஸ்துமா, கப இருமல், மூச்சுத்தணறல் தீர  இந்த வடிசாறை அருந்தலாம். \r\n\r\nபின் குறிப்பு : தயாரிக்கப்பட்ட தேதியிலிருந்து 12 மாதத்திற்குள் இந்தப் பொருளைப் பயன்பத்துவது சாலச் சிறந்தது.",
      "imageurl": "product/1_4ZyHRWu.jpg",
      "created_at": "2021-01-02T13:40:19.956Z",
      "materials": [4]
    }
  },
  {
    "model": "products.product",
    "pk": 8,
    "fields": {
      "product_id": "1321",
      "name": "எள்ளு சாதப் பொடி | 5 பொட்டலங்கள் | தானிய வகை உணவு |  இயற்கை உணவு | அனு",
      "brand": "அனு",
      "manufacturer": "அனு",
      "supported_devices": "-",
      "quantity": 5,
      "category": 4,
      "origin": "தமிழ்நாடு",
      "description": "இந்திய உணவுப் பாதுகாப்பு மற்றும் தர ஆணையத்தால் அங்கீகரிக்கப்பட்ட தயாரிப்பு : எண் : 22414579000325\r\n\r\nகுறிப்பு : எந்த ஒரு பதப்பொருளும் உணவு மணச்சாறும் சேர்க்கப்படாமல் முற்றிலும் இயற்கை முறையில் தயாரிக்கப்பட்டுள்ளது.\r\n\r\n\r\nஎடை : 50 கிராம்/ பொட்டலம் . \r\nமொத்த எடை : 250 கிராம் / 5 பொட்டலங்கள்\r\n\r\nதயாரிப்பு முறை :\r\n\r\nசூடான சாதத்தை எடுத்துக் கொண்டு தேவையான அளவு அனு எள்ளு சாதப் பொடியை சேர்த்து நல்லெண்ணெய் சேர்த்து நங்கு கிளறிப் பரிமாறவும்\r\n\r\n\r\n\r\nபின் குறிப்பு : தயாரிக்கப்பட்ட தேதியிலிருந்து 6 மாதத்திற்குள் இந்தப் பொருளைப் பயன்பத்துவது சாலச் சிறந்தது.",
      "imageurl": "product/1_IkYdiiq.jpg",
      "created_at": "2021-01-02T14:06:09.627Z",
      "materials": [4]
    }
  },
  {
    "model": "products.product",
    "pk": 9,
    "fields": {
      "product_id": "1322",
      "name": "புதினா சாதப் பொடி | 5 பொட்டலங்கள் |தானிய வகை உணவு |  இயற்கை உணவு | அனு",
      "brand": "அனு",
      "manufacturer": "அனு",
      "supported_devices": "-",
      "quantity": 5,
      "category": 4,
      "origin": "தமிழ்நாடு",
      "description": "இந்திய உணவுப் பாதுகாப்பு மற்றும் தர ஆணையத்தால் அங்கீகரிக்கப்பட்ட தயாரிப்பு : எண் : 22414579000325\r\n\r\nகுறிப்பு : எந்த ஒரு பதப்பொருளும் உணவு மணச்சாறும் சேர்க்கப்படாமல் முற்றிலும் இயற்கை முறையில் தயாரிக்கப்பட்டுள்ளது.\r\n\r\n\r\nஎடை : 50 கிராம்/ பொட்டலம் . \r\nமொத்த எடை : 250 கிராம் / 5 பொட்டலங்கள்\r\n\r\nசேர்க்கப்பட்டுள்ள பொருட்கள் :\r\n\r\nபுதினா கீரை, உளுந்தம் பருப்பு,க.பருப்பு, வர மிளகாய், இந்துப்பு, பெருங்காயம் மற்றும் பூண்டு\r\n\r\nதயாரிப்பு முறை :\r\n\r\nசூடான சாதத்தை எடுத்துக் கொண்டு தேவையான அளவு அனு புதினா சாதப் பொடியை சேர்த்து நல்லெண்ணெய் சேர்த்து நன்கு கிளறிப் பரிமாறவும்\r\n\r\n\r\n\r\nபின் குறிப்பு : தயாரிக்கப்பட்ட தேதியிலிருந்து 6 மாதத்திற்குள் இந்தப் பொருளைப் பயன்பத்துவது சாலச் சிறந்தது.",
      "imageurl": "product/1_2gnVp21.jpg",
      "created_at": "2021-01-02T14:12:50.329Z",
      "materials": [4]
    }
  },
  {
    "model": "products.product",
    "pk": 10,
    "fields": {
      "product_id": "1323",
      "name": "முடக்கத்தான் சாதப் பொடி | 5 பொட்டலங்கள் | தானிய வகை உணவு| இயற்கை உணவு | அனு",
      "brand": "அனு",
      "manufacturer": "அனு",
      "supported_devices": "-",
      "quantity": 5,
      "category": 4,
      "origin": "தமிழ்நாடு",
      "description": "இந்திய உணவுப் பாதுகாப்பு மற்றும் தர ஆணையத்தால் அங்கீகரிக்கப்பட்ட தயாரிப்பு : எண் : 22414579000325\r\n\r\nகுறிப்பு : எந்த ஒரு பதப்பொருளும் உணவு மணச்சாறும் சேர்க்கப்படாமல் முற்றிலும் இயற்கை முறையில் தயாரிக்கப்பட்டுள்ளது.\r\n\r\n\r\nஎடை : 50 கிராம்/ பொட்டலம் . \r\nமொத்த எடை : 250 கிராம் / 5 பொட்டலங்கள்\r\n\r\nசேர்க்கப்பட்டுள்ள பொருட்கள் :\r\nமுடக்கத்தான் கீரை, உளுந்தம் பருப்பு,க.பருப்பு, வர மிளகாய், இந்துப்பு, பெருங்காயம் மற்றும் பூண்டு\r\n\r\nதயாரிப்பு முறை :\r\n\r\nசூடான சாதத்தை எடுத்துக் கொண்டு தேவையான அளவு அனு முடக்கத்தான் சாதப் பொடியை சேர்த்து நல்லெண்ணெய் சேர்த்து நன்கு கிளறிப் பரிமாறவும்\r\n\r\n\r\n\r\nபின் குறிப்பு : தயாரிக்கப்பட்ட தேதியிலிருந்து 6 மாதத்திற்குள் இந்தப் பொருளைப் பயன்பத்துவது சாலச் சிறந்தது.",
      "imageurl": "product/1_GLuCvuJ.jpg",
      "created_at": "2021-01-02T14:18:20.357Z",
      "materials": [4]
    }
  },
  {
    "model": "products.product",
    "pk": 11,
    "fields": {
      "product_id": "1328",
      "name": "நெல்லி சாதப் பொடி | 5 பொட்டலங்கள் | தானிய உணவு வகை | இயற்கை உணவு | அனு",
      "brand": "அனு",
      "manufacturer": "அனு",
      "supported_devices": "-",
      "quantity": 5,
      "category": 4,
      "origin": "தமிழ்நாடு",
      "description": "இந்திய உணவுப் பாதுகாப்பு மற்றும் தர ஆணையத்தால் அங்கீகரிக்கப்பட்ட தயாரிப்பு : எண் : 22414579000325\r\n\r\nகுறிப்பு : எந்த ஒரு பதப்பொருளும் உணவு மணச்சாறும் சேர்க்கப்படாமல் முற்றிலும் இயற்கை முறையில் தயாரிக்கப்பட்டுள்ளது.\r\n\r\n\r\nஎடை : 50 கிராம்/ பொட்டலம் . \r\nமொத்த எடை : 250 கிராம் / 5 பொட்டலங்கள்\r\n\r\nசேர்க்கப்பட்டுள்ள பொருட்கள் :\r\n நெல்லி , உளுந்தம் பருப்பு,க.பருப்பு, வர மிளகாய், இந்துப்பு, பெருங்காயம் மற்றும் பூண்டு\r\n\r\nதயாரிப்பு முறை :\r\n\r\nசூடான சாதத்தை எடுத்துக் கொண்டு தேவையான அளவு அனு நெல்லி சாதப் பொடியை சேர்த்து நல்லெண்ணெய் சேர்த்து நன்கு கிளறிப் பரிமாறவும்\r\n\r\n\r\n\r\nபின் குறிப்பு : தயாரிக்கப்பட்ட தேதியிலிருந்து 6 மாதத்திற்குள் இந்தப் பொருளைப் பயன்பத்துவது சாலச் சிறந்தது.",
      "imageurl": "product/1_vsZAgPA.jpg",
      "created_at": "2021-01-02T14:22:04.317Z",
      "materials": [4]
    }
  },
  {
    "model": "products.product",
    "pk": 12,
    "fields": {
      "product_id": "1343",
      "name": "கொள்ளு கஞ்சி பொடி | 5 பொட்டலங்கள் | தானிய உணவு வகை | இயற்கை உணவு | அனு",
      "brand": "அனு",
      "manufacturer": "அனு",
      "supported_devices": "-",
      "quantity": 5,
      "category": 4,
      "origin": "தமிழ்நாடு",
      "description": "இந்திய உணவுப் பாதுகாப்பு மற்றும் தர ஆணையத்தால் அங்கீகரிக்கப்பட்ட தயாரிப்பு : எண் : 22414579000325\r\n\r\nகுறிப்பு : எந்த ஒரு பதப்பொருளும் உணவு மணச்சாறும் சேர்க்கப்படாமல் முற்றிலும் இயற்கை முறையில் தயாரிக்கப்பட்டுள்ளது.\r\n\r\n\r\nஎடை : 100 கிராம்/ பொட்டலம் . \r\nமொத்த எடை : 500 கிராம் / 5 பொட்டலங்கள்\r\n\r\nசேர்க்கப்பட்டுள்ள பொருட்கள் :\r\nகருப்புக் கொள்ளு, சிகப்பு அரிசி, பார்லி, நத்தை சூரி, மல்லி மற்றும் சீரகம்\r\n\r\nதயாரிப்பு முறை :\r\n\r\nதேவையான அளவு அனு கொள்ளு கஞ்சி தூளை எடுத்து தண்ணீரில் கலந்து கொதிக்க வைத்து பின்புசின்ன வெங்காயம், இஞ்சி, தேங்காய் துருவல், கறிவேப்பிலை, கொத்தமல்லி மற்றும் தேவையான அளவு உப்பு சேர்த்து பரிமாறவும்\r\n\r\n\r\n\r\nபின் குறிப்பு : தயாரிக்கப்பட்ட தேதியிலிருந்து 6 மாதத்திற்குள் இந்தப் பொருளைப் பயன்பத்துவது சாலச் சிறந்தது.",
      "imageurl": "product/1_IrM2VY9.jpg",
      "created_at": "2021-01-02T14:31:01.256Z",
      "materials": [4]
    }
  },
  {
    "model": "products.product",
    "pk": 13,
    "fields": {
      "product_id": "1351",
      "name": "கல்கரைச்சி சாறு பொடி | 5 பொட்டலங்கள் | தானிய உணவு வகை | இயற்கை உணவு | அனு",
      "brand": "அனு",
      "manufacturer": "அனு",
      "supported_devices": "-",
      "quantity": 5,
      "category": 4,
      "origin": "தமிழ்நாடு",
      "description": "இந்திய உணவுப் பாதுகாப்பு மற்றும் தர ஆணையத்தால் அங்கீகரிக்கப்பட்ட தயாரிப்பு : எண் : 22414579000325\r\n\r\nகுறிப்பு : எந்த ஒரு பதப்பொருளும் உணவு மணச்சாறும் சேர்க்கப்படாமல் முற்றிலும் இயற்கை முறையில் தயாரிக்கப்பட்டுள்ளது.\r\n\r\n\r\nஎடை : 50 கிராம்/ பொட்டலம் . \r\nமொத்த எடை : 250 கிராம் / 5 பொட்டலங்கள்\r\n\r\nதயாரிப்பு முறை :\r\n\r\nஒரு தேக்கரண்டி அளவு அனு கல்கரைச்சி சாறு பொடியுடன் 500 மி.லி தண்ணீர் விட்டு 200 மில்லியாக காய்ச்சி வடித்து  2 தேக்கரண்டி தேன் கலந்து 48 நாட்கள் அருந்த வேண்டும். ஒரு பொட்டலத்திற்கு 30 குவளை வடிசாறு தயாரிக்கலாம். \r\n\r\n\r\nபயன்கள் :\r\n நீர்ச்சுருக்கு தீரும். விந்தணுக்கள் பெருகி மலடு நீங்கும். நீர்க்கட்டை உடைக்கும். சிறுநீரகக் கற்களைக் கரைக்கும்\r\n\r\nபின் குறிப்பு : தயாரிக்கப்பட்ட தேதியிலிருந்து 12 மாதத்திற்குள் இந்தப் பொருளைப் பயன்பத்துவது சிறந்தது.",
      "imageurl": "product/1_vz3kPEO.jpg",
      "created_at": "2021-01-02T14:41:27.243Z",
      "materials": [4]
    }
  },
  {
    "model": "products.product",
    "pk": 14,
    "fields": {
      "product_id": "1352",
      "name": "திருநீற்றுப்பச்சிலை சாறு பொடி | 5 பொட்டலங்கள் | தானிய உணவு வகை | இயற்கை உணவு | அனு",
      "brand": "அனு",
      "manufacturer": "அனு",
      "supported_devices": "-",
      "quantity": 5,
      "category": 4,
      "origin": "தமிழ்நாடு",
      "description": "இந்திய உணவுப் பாதுகாப்பு மற்றும் தர ஆணையத்தால் அங்கீகரிக்கப்பட்ட தயாரிப்பு : எண் : 22414579000325\r\n\r\nகுறிப்பு : எந்த ஒரு பதப்பொருளும் உணவு மணச்சாறும் சேர்க்கப்படாமல் முற்றிலும் இயற்கை முறையில் தயாரிக்கப்பட்டுள்ளது.\r\n\r\n\r\nஎடை : 50 கிராம்/ பொட்டலம் . \r\nமொத்த எடை : 250 கிராம் / 5 பொட்டலங்கள்\r\n\r\nதயாரிப்பு முறை :\r\n\r\nஒரு தேக்கரண்டி அளவு அனு திருநீற்றுப் பச்சிலை சாறு பொடியுடன் 500 மி.லி தண்ணீர் விட்டு 200 மில்லியாக காய்ச்சி வடித்து  2 தேக்கரண்டி தேன் கலந்து 48 நாட்கள் அருந்த வேண்டும். ஒரு பொட்டலத்திற்கு 30 குவளை வடிசாறு தயாரிக்கலாம். \r\n\r\n\r\nபயன்கள் :\r\n இதய நடுக்கம் , தூக்கமின்மை,மார்பு வலி மேல் சுவாசம், இதயத் துடிப்பு, இதயத்தைக் கட்டிப் பிடிப்பதைப் போன்ற வலி குறையும். மேலும் மார்புச் சளியைக் கட்டுப்படுத்தும்\r\n\r\nபின் குறிப்பு : தயாரிக்கப்பட்ட தேதியிலிருந்து 12 மாதத்திற்குள் இந்தப் பொருளைப் பயன்பத்துவது சிறந்தது.",
      "imageurl": "product/3.jpg",
      "created_at": "2021-01-02T14:46:19.123Z",
      "materials": [4]
    }
  },
  {
    "model": "products.product",
    "pk": 15,
    "fields": {
      "product_id": "161",
      "name": "துரித சமையல் சாம்பார் பொடி | 5 பொட்டலங்கள் | மசாலா | இயற்கை உணவு",
      "brand": "அனு",
      "manufacturer": "அனு",
      "supported_devices": "-",
      "quantity": 5,
      "category": 4,
      "origin": "தமிழ்நாடு",
      "description": "இந்திய உணவுப் பாதுகாப்பு மற்றும் தர ஆணையத்தால் அங்கீகரிக்கப்பட்ட தயாரிப்பு : எண் : 22414579000325 \r\n\r\nகுறிப்பு : எந்த ஒரு பதப்பொருளும் உணவு மணச்சாறும் சேர்க்கப்படாமல் முற்றிலும் இயற்கை முறையில் தயாரிக்கப்பட்டுள்ளது. \r\n\r\nஎடை : 50 கிராம்/ பொட்டலம் .\r\n மொத்த எடை : 250 கிராம் / 5 பொட்டலங்கள் \r\n\r\nசேர்க்கப்பட்டுள்ள பொருட்கள் : துவரம் பருப்பு, மல்லி, சீரகம், மிளகாய்,பெருங்காயம்,மஞ்சள் மற்றும் மிளகாய்\r\n\r\nதேவையான பொருட்கள் :\r\nதக்காளி 2, சிறிய வெங்காயம் 4, முருங்கைக்காய் 1 , கத்தரிக்காய் 2, பூசணி சிறிது, மல்லி, கற்வேப்பிலை\r\n\r\nசெய்முறை : \r\nகாய்கறிகளை நீளவாக்கில் நறுக்கி, வானலியில் எண்ணெய் விட்டு கடுகு ,சீரகம் தாழித்து தக்காளி வெங்காயம் போட்டு நன்கு வதக்கி அனு துரித சமையல் சாம்பார் பொடியுடன் தேவையான அளவு தண்ணீர், உப்பு சேர்த்துக் கொதிக்க விடவும். பின் கருவேபிலை, மல்லி இலை போட்டு பரிமாறவும். சாம்பாரை இறக்கிய பின் சிரிதளவு நல்லெண்ணெய் சேர்த்தா சுவை கூடும்.\r\n\r\n\r\nபின் குறிப்பு : தயாரிக்கப்பட்ட தேதியிலிருந்து 6 மாதத்திற்குள் இந்தப் பொருளைப் பயன்பத்துவது சாலச் சிறந்தது.",
      "imageurl": "product/1_ApZp2oR.jpg",
      "created_at": "2021-01-03T06:50:19.028Z",
      "materials": [4]
    }
  },
  {
    "model": "products.product",
    "pk": 16,
    "fields": {
      "product_id": "162",
      "name": "துரித சமையல் வத்தக் குழம்பு பொடி | 5 பொட்டலங்கள் | மசாலா | இயற்கை உணவு",
      "brand": "அனு",
      "manufacturer": "அனு",
      "supported_devices": "-",
      "quantity": 5,
      "category": 4,
      "origin": "தமிழ்நாடு",
      "description": "இந்திய உணவுப் பாதுகாப்பு மற்றும் தர ஆணையத்தால் அங்கீகரிக்கப்பட்ட தயாரிப்பு : எண் : 22414579000325 \r\n\r\nகுறிப்பு : எந்த ஒரு பதப்பொருளும் உணவு மணச்சாறும் சேர்க்கப்படாமல் முற்றிலும் இயற்கை முறையில் தயாரிக்கப்பட்டுள்ளது. \r\n\r\nஎடை : 50 கிராம்/ பொட்டலம் .\r\n மொத்த எடை : 250 கிராம் / 5 பொட்டலங்கள் \r\n\r\nசேர்க்கப்பட்டுள்ள பொருட்கள் : மல்லி,சீரகம்,மி.வத்தல், வெந்தயம்,க.பருப்பு,து.பருப்பு,பெருங்காயம் மஞ்சள் மற்றும் புளி\r\n\r\nதேவையான பொருட்கள் :\r\n100 கிராம் தக்காளை, 100 கிராம் சின்ன வெங்காயம், சுண்ட வத்தல் அல்லது மிளகு தக்காளி வத்தல், மல்லி, கருவேப்பிலை.\r\n\r\nசெய்முறை : \r\nவெங்காயம், தக்காளியை சிறிதாக நறுக்கி வாலனிலியில் எண்ணெய் விட்டு கடுகு, வெந்தயம், கருவேப்பிலையை தாழித்து நங்கு பொன்னிறமாக வதக்கவும். பின்பு அனு துரித வத்தக் குழம்பு பொடியை தேவையான அளவு தண்ணீர்,உப்பு சேர்த்து கொதிக்கவிட்டு மல்லி இலை போட்டு இறக்கவும்.\r\nஇறக்கி வைத்த குழம்பில் சிறிதளவு நல்லெண்ணெய் சேர்த்தால் சுவை கூடும்.\r\n\r\n\r\nபின் குறிப்பு : தயாரிக்கப்பட்ட தேதியிலிருந்து 6 மாதத்திற்குள் இந்தப் பொருளைப் பயன்பத்துவது சாலச் சிறந்தது.",
      "imageurl": "product/1_Pamt1Ps.jpg",
      "created_at": "2021-01-03T07:08:44.190Z",
      "materials": [4]
    }
  },
  {
    "model": "products.product",
    "pk": 17,
    "fields": {
      "product_id": "163",
      "name": "குருமா சால்னா பொடி | 5 பொட்டலங்கள் | மசாலா | இயற்கை உணவு",
      "brand": "அனு",
      "manufacturer": "அனு",
      "supported_devices": "-",
      "quantity": 5,
      "category": 4,
      "origin": "தமிழ்நாடு",
      "description": "இந்திய உணவுப் பாதுகாப்பு மற்றும் தர ஆணையத்தால் அங்கீகரிக்கப்பட்ட தயாரிப்பு : எண் : 22414579000325 \r\n\r\nகுறிப்பு : எந்த ஒரு பதப்பொருளும் உணவு மணச்சாறும் சேர்க்கப்படாமல் முற்றிலும் இயற்கை முறையில் தயாரிக்கப்பட்டுள்ளது. \r\n\r\nஎடை : 50 கிராம்/ பொட்டலம் .\r\n மொத்த எடை : 250 கிராம் / 5 பொட்டலங்கள் \r\n\r\nசேர்க்கப்பட்டுள்ள பொருட்கள் : மல்லி, சீரகம், மிளகாய், சோம்பு, கிராம்பு,பட்டை,ஏலக்காய், மஞ்சள், முந்திரி\r\n\r\nதேவையான பொருட்கள் :\r\nதக்காளி 2, பெரிய வெங்காயம் 4, உருளைக் கிழங்கு 2, தேங்காய், காலி பிளவர் 50 கிராம், பீன்சு 1, கேரட் 1, பச்சைப் பட்டாணி 25 கிராம்\r\n\r\nசெய்முறை : \r\nவெங்காயம் காய்கறிகளை நீளவாக்கில் நறுக்கி, வானலியில் எண்ணெய் விட்டு பட்டை, கிராம்புகாய்கறிகள் நன்கு வதங்கிய பின்பு  அனு துரித சமையல் குருமா சால்னா  பொடியுடன் இஞ்சி பூண்டு விழுது சேர்த்து பச்சை வாசனை போகும் வரை வதக்கவும். தேவையான அளவு தண்ணீர், உப்பு தேங்காய்ப் பால் சேர்த்துக் கொதிக்க விடவும். பின் கருவேப்பிலை, மல்லி இலை போட்டு பரிமாறவும். ஆட்டுக் கறி, கோழிக்கறி குருமாவாகவும் செய்யலாம். \r\n\r\n\r\nபின் குறிப்பு : தயாரிக்கப்பட்ட தேதியிலிருந்து 6 மாதத்திற்குள் இந்தப் பொருளைப் பயன்பத்துவது சாலச் சிறந்தது.",
      "imageurl": "product/1_KxLlSMM.jpg",
      "created_at": "2021-01-03T07:30:17.612Z",
      "materials": [4]
    }
  },
  {
    "model": "products.product",
    "pk": 18,
    "fields": {
      "product_id": "2111",
      "name": "விவசாயி | உழவை மீட்போம் | நாம் தமிழர் | கைபேசி உறை",
      "brand": "இராவணன்",
      "manufacturer": "இராவணன்",
      "supported_devices": "அனைத்து வகை கைபேசிகளும்",
      "quantity": 1,
      "category": 2,
      "origin": "தமிழ்நாடு",
      "description": "நாம் தமிழர் கட்சியின் சின்னமான் விவசாயி சின்னத்தைக் கொண்ட கைபேசி உறை.\r\n\r\nஉழவர் அல்லது விவசாயி என்பவர் நிலத்தில் உழுது விவசாயம் அல்லது வேளாண்மை செய்பவர்கள். பண்டைத் தமிழகத்தில் \"உழவர்\" என்ற சிறப்புப்பெயர் மிகவும் உயர்ந்தவர் பெறும் பட்டமாக மதிக்கப்பட்டது. \"சுழன்றும் ஏர் பின்னது உலகு\" என உழவுத்தொழில் பாராட்டப்பட்டது. ஆயினும் நிலக்கிழார்களின் ஆதிக்கத்தின் கீழ் கடந்த சில நூற்றாண்டுகள் அவர்களது நிலை மிகவும் மோசமாக இருந்தது. இதனிலிருந்து மீட்க பல உழவர் இயக்கங்கள் உலகெங்கும் தோன்றின.\r\n\r\nமக்கள் தொகை கணக்கெடுப்புப் புள்ளி விவரங்களில் விவசாயிகளின் எண்ணிக்கை வீழ்ச்சியடைந்து வருகிற அதே நேரத்தில் விவசாயத் தொழிலாளர்களின் எண்ணிக்கை அதிகரித்து வருகிறது. 1991 மற்றும் 2011 மக்கள் தொகை கணக்கெடுப்பிற்கு இடைப்பட்ட 20 ஆண்டு காலத்தில் விவசாயிகளின் எண்ணிக்கை 72 இலட்சம் வீழ்ச்சியடைந்துள்ளது. திட்டக் குழுவின் புள்ளி விவரத்தின் படி 2005 முதல் 2010 வரையிலான காலகட்டத்தில் விவசாயத் துறையில் 140 லட்சம் வேலையிழப்புகள் ஏற்பட்டுள்ளது.  \r\n\r\nஉழவை மீட்போம் - உலகைக் காப்போம்\r\n\r\n#இராவணன்அங்காடி",
      "imageurl": "product/vivasayi_1.jpg",
      "created_at": "2020-12-16T04:25:54.675Z",
      "materials": [3]
    }
  },
  {
    "model": "products.product",
    "pk": 19,
    "fields": {
      "product_id": "21110",
      "name": "எக்களமும் யாம் காண்போம் ! | தகவல் தொழில் நுட்ப பணியாளர் பாசறை| நாம் தமிழர் | கைபேசி உறை",
      "brand": "இராவணன்",
      "manufacturer": "இராவணன்",
      "supported_devices": "அனைத்து வகை கைபேசிகளும்",
      "quantity": 1,
      "category": 2,
      "origin": "தமிழ்நாடு",
      "description": "எக்களமும் யாம் காண்போம்! என்ற வசனம் பொறித்த நாம் தமிழர் தகவல் தொழில் நுட்ப பணியாளர் பாசறைக்காக பிரத்தியேகமாகத் தயாரிக்கப்பட்ட கைபேசி உறை",
      "imageurl": "product/it_wing_1.jpg",
      "created_at": "2020-12-18T18:05:41.006Z",
      "materials": [3]
    }
  },
  {
    "model": "products.product",
    "pk": 20,
    "fields": {
      "product_id": "2112",
      "name": "சேயோன் | நாம் தமிழர் கைபேசி உறை",
      "brand": "இராவணன்",
      "manufacturer": "இராவணன்",
      "supported_devices": "அனைத்து வகை கைபேசிகளும்",
      "quantity": 1,
      "category": 2,
      "origin": "தமிழ்நாடு",
      "description": "சேயோன் - நாம் தமிழர் - குறிஞ்சி நிலத் தலைவனான முருகன் படம் பொறித்த கைபேசி உறை",
      "imageurl": "product/seyon_1.jpg",
      "created_at": "2020-12-18T16:03:46.972Z",
      "materials": [3]
    }
  },
  {
    "model": "products.product",
    "pk": 21,
    "fields": {
      "product_id": "2113",
      "name": "மாயோன் | நாம் தமிழர் | கைபேசி உறை",
      "brand": "இராவணன்",
      "manufacturer": "இராவணன்",
      "supported_devices": "அனைத்து வகை கைபேசிகளும்",
      "quantity": 1,
      "category": 2,
      "origin": "தமிழ்நாடு",
      "description": "மாயோன் _ முல்லை நிலத்தலைவன் . புல்லாங்குழல் இசைத்து ஆநிரை மேய்த்து அழகியல் படைத்தவன்",
      "imageurl": "product/mayon_1.jpg",
      "created_at": "2020-12-18T17:05:28.098Z",
      "materials": [3]
    }
  },
  {
    "model": "products.product",
    "pk": 22,
    "fields": {
      "product_id": "2114",
      "name": "யாதும் ஊரே ! யாவரும் கேளிர் ! | நாம் தமிழர் கைபேசி உறை",
      "brand": "இராவணன்",
      "manufacturer": "இராவணன்",
      "supported_devices": "அனைத்து வகை கைபேசிகளும்",
      "quantity": 1,
      "category": 2,
      "origin": "தமிழ்நாடு",
      "description": "யாதும் ஊரே யாவரும் கேளிர் - எதுவும்  நமது ஊர்தான் யாவரும் நமது உறவுதான் என்று சங்க காலத்திலேயே முழங்கிய கணியன் பூங்குன்றனாரை வணங்குவோம்.",
      "imageurl": "product/yaathum_1.jpg",
      "created_at": "2020-12-18T17:12:29.606Z",
      "materials": [3]
    }
  },
  {
    "model": "products.product",
    "pk": 23,
    "fields": {
      "product_id": "2115",
      "name": "தீதும் நன்றும் பிறர் தர வாரா ! | நாம் தமிழர் | கைபேசி உறை",
      "brand": "இராவணன்",
      "manufacturer": "இராவணன்",
      "supported_devices": "அனைத்து வகை கைபேசிகளும்",
      "quantity": 1,
      "category": 2,
      "origin": "தமிழ்நாடு",
      "description": "தீதும் நன்றும் பிறர் தர வராது  என்று அறிவுரையை உரக்கச் சொன்ன கணியன் பூங்குன்றனாரை வணங்குவோம்.",
      "imageurl": "product/theethum_1.jpg",
      "created_at": "2020-12-18T17:22:26.602Z",
      "materials": [3]
    }
  },
  {
    "model": "products.product",
    "pk": 24,
    "fields": {
      "product_id": "2116",
      "name": "மருதிருவர் கைபேசி உறை | நாம் தமிழர்",
      "brand": "இராவணன்",
      "manufacturer": "இராவணன்",
      "supported_devices": "அனைத்து வகை கைபேசிகளும்",
      "quantity": 1,
      "category": 2,
      "origin": "தமிழ்நாடு",
      "description": "சிவகங்கைச் சீமையின் மைந்தர்களாகிய மருதிருவர்கள் படம் பொறித்த கைபேசி உறை. \r\nஇந்த மாவீரர்களைப் போன்ற பல தமிழ் வீரர்கள் இந்த மண்ணின் விதைக்கப்பட்டுள்ளனர். அனைவருக்கும் வீரவணக்கம் செலுத்தி மனதில் ஏந்துவோம்",
      "imageurl": "product/MARUTHIRUVAR_1.jpg",
      "created_at": "2020-12-18T17:29:50.826Z",
      "materials": [3]
    }
  },
  {
    "model": "products.product",
    "pk": 25,
    "fields": {
      "product_id": "2117",
      "name": "இன்பத் தமிழ் எங்கள் உயிருக்கு நேர் | தமிழ் | நாம் தமிழர் | கைபேசி உறை",
      "brand": "இராவணன்",
      "manufacturer": "இராவணன்",
      "supported_devices": "அனைத்து வகை கைபேசிகளும்",
      "quantity": 1,
      "category": 2,
      "origin": "தமிழ்நாடு",
      "description": "இன்பத் தமிழ் எங்கள் உயிருக்கு நேர் என்ற வாசகம் பொறித்த நாம் தமிழர் கைபேசி உறை . பாரதிதாசனின் வரிகளில் மெய்மறந்து தமிழை நெஞ்சில் ஏந்துவோம்",
      "imageurl": "product/thamizh_ntk_1.jpg",
      "created_at": "2020-12-18T17:39:29.429Z",
      "materials": [3]
    }
  },
  {
    "model": "products.product",
    "pk": 26,
    "fields": {
      "product_id": "21171",
      "name": "இன்பத் தமிழ் எங்கள் உயிருக்கு நேர் 2 |  தமிழ் | நாம் தமிழர் | கைபேசி உறை",
      "brand": "இராவணன்",
      "manufacturer": "இராவணன்",
      "supported_devices": "அனைத்து வகை கைபேசிகளும்",
      "quantity": 1,
      "category": 2,
      "origin": "தமிழ்நாடு",
      "description": "இன்பத் தமிழ் எங்கள் உயிருக்கு நேர் என்ற வாசகம் பொறித்த நாம் தமிழர் கைபேசி உறை . பாரதிதாசனின் வரிகளில் மெய்மறந்து தமிழை நெஞ்சில் ஏந்துவோம்",
      "imageurl": "product/thamizh_ntk_2.jpg",
      "created_at": "2020-12-18T17:41:50.451Z",
      "materials": [3]
    }
  },
  {
    "model": "products.product",
    "pk": 27,
    "fields": {
      "product_id": "2118",
      "name": "உறுதி | சீமான் |  நாம் தமிழர் | கைபேசி உறை",
      "brand": "இராவணன்",
      "manufacturer": "இராவணன்",
      "supported_devices": "அனைத்து வகை கைபேசிகளும்",
      "quantity": 1,
      "category": 2,
      "origin": "தமிழ்நாடு",
      "description": "இந்த நிலம் எனக்கு சிக்குச்சு நீ செத்த | என்ற செந்தமிழன் சீமானின்  வசனத்தை உள்ளடக்கிய  நாம் தமிழர் கைபேசி உறை",
      "imageurl": "product/uruthi_1.jpg",
      "created_at": "2020-12-18T17:49:18.653Z",
      "materials": [3]
    }
  },
  {
    "model": "products.product",
    "pk": 28,
    "fields": {
      "product_id": "2121",
      "name": "இடுக்கண் வருங்கால் நகுக! - திருவள்ளுவர் கைபேசி உறை",
      "brand": "இராவணன்",
      "manufacturer": "இராவணன்",
      "supported_devices": "அனைத்து வகை கைபேசிகளும்",
      "quantity": 1,
      "category": 2,
      "origin": "தமிழ்நாடு",
      "description": "இடுக்கண் வருங்கால் நகுக என்ற சொற்றொடரைக் கொண்ட திருவள்ளுவர் கைபேசி உறை. வள்ளுவன் புகழ் போற்றுவோம் !",
      "imageurl": "product/valluvan_1.jpg",
      "created_at": "2020-12-19T05:07:03.328Z",
      "materials": [3]
    }
  },
  {
    "model": "products.product",
    "pk": 29,
    "fields": {
      "product_id": "2131",
      "name": "தமிழ்தேசியத் தலைவன் | மேதகுவே | பிரபாகரன் | கைபேசி உறை",
      "brand": "இராவணன்",
      "manufacturer": "இராவணன்",
      "supported_devices": "அனைத்து வகை கைபேசிகளும்",
      "quantity": 1,
      "category": 2,
      "origin": "தமிழ்நாடு",
      "description": "தமிழ் தேசியத் தலைவன் மேதகு வே பிரபாகரன் அவர்களின் படம் பொறித்த கைபேசி உறை",
      "imageurl": "product/prabha_1.jpg",
      "created_at": "2020-12-19T04:48:22.272Z",
      "materials": [3]
    }
  },
  {
    "model": "products.product",
    "pk": 30,
    "fields": {
      "product_id": "2132",
      "name": "வன்முறை| மேதகுவே | பிரபாகரன் | கைபேசி உறை",
      "brand": "இராவணன்",
      "manufacturer": "இராவணன்",
      "supported_devices": "அனைத்து வகை கைபேசிகளும்",
      "quantity": 1,
      "category": 2,
      "origin": "தமிழ்நாடு",
      "description": "வன்முறையைச் சகித்துக் கொள் என்கிற அகிம்சையும் வன்முறைதான் ! என்ற தமிழ் தேசியத் தலைவனின் கூற்றைப் பொறித்த கைபேசி உறை",
      "imageurl": "product/prabha_2.jpg",
      "created_at": "2020-12-19T04:49:32.875Z",
      "materials": [3]
    }
  },
  {
    "model": "products.product",
    "pk": 31,
    "fields": {
      "product_id": "2133",
      "name": "திருப்பிக் கொடு | மேதகுவே | பிரபாகரன் | கைபேசி உறை",
      "brand": "இராவணன்",
      "manufacturer": "இராவணன்",
      "supported_devices": "அனைத்து வகை கைபேசிகளும்",
      "quantity": 1,
      "category": 2,
      "origin": "தமிழ்நாடு",
      "description": "அவலத்தைத் தந்தவனுக்கே அதனைத் திருப்பிக் கொடு ! என்ற தமிழ் தேசியத் தலைவனின் கூற்றைப் பொறித்த கைபேசி உறை",
      "imageurl": "product/prabha_3.jpg",
      "created_at": "2020-12-19T04:50:31.360Z",
      "materials": [3]
    }
  },
  {
    "model": "products.product",
    "pk": 32,
    "fields": {
      "product_id": "2134",
      "name": "சரித்திரம் | மேதகுவே | பிரபாகரன் | கைபேசி உறை",
      "brand": "இராவணன்",
      "manufacturer": "இராவணன்",
      "supported_devices": "அனைத்து வகை கைபேசிகளும்",
      "quantity": 1,
      "category": 2,
      "origin": "தமிழ்நாடு",
      "description": "ஓடாத மானும் போராடாத இனமும் வாழ்ந்ததாகச் சரித்திரம் இல்லை ! என்ற தமிழ் தேசியத் தலைவனின் கூற்றைப் பொறித்த கைபேசி உறை",
      "imageurl": "product/prabha_4.jpg",
      "created_at": "2020-12-19T04:50:05.337Z",
      "materials": [3]
    }
  },
  {
    "model": "products.product",
    "pk": 33,
    "fields": {
      "product_id": "2181",
      "name": "பொன்னியின் செல்வனும் கடாரம் கொண்டானும் | தஞ்சை | கைபேசி உறை",
      "brand": "இராவணன்",
      "manufacturer": "இராவணன்",
      "supported_devices": "அனைத்து வகை கைபேசிகளும்",
      "quantity": 1,
      "category": 2,
      "origin": "தமிழ்நாடு",
      "description": "பொன்னியின் செல்வனாகிய அருண்மொழிவர்மனும் கடாரம் கொண்டானாகிய அரசேந்திர சோழனும் | தஞ்சை பெரிய கோவிலுடன் உள்ள படம் பொறித்த கைபேசி உறை",
      "imageurl": "product/RAJARAJA_1.jpg",
      "created_at": "2020-12-19T05:20:55.346Z",
      "materials": [3]
    }
  },
  {
    "model": "products.product",
    "pk": 34,
    "fields": {
      "product_id": "2211",
      "name": "இளைஞன் | அடால்ப் ஹிட்லர் | கைபேசி உறை",
      "brand": "இராவணன்",
      "manufacturer": "இராவணன்",
      "supported_devices": "அனைத்து வகை கைபேசிகளும்",
      "quantity": 1,
      "category": 2,
      "origin": "தமிழ்நாடு",
      "description": "எவன் ஒருவன் இளைஞர் படையைக் கட்டி எழுப்புகிறானோ அவனே எதிர்காலத்தை ஆள்கிறான் -  அடால்ப் ஹிட்லர்",
      "imageurl": "product/hitler_1.jpg",
      "created_at": "2020-12-18T16:34:04.419Z",
      "materials": [3]
    }
  },
  {
    "model": "products.product",
    "pk": 35,
    "fields": {
      "product_id": "22211",
      "name": "நேரமும் பணமும் | பணத் திருட்டு | பொது | கைபேசி உறை",
      "brand": "இராவணன்",
      "manufacturer": "இராவணன்",
      "supported_devices": "அனைத்து வகை கைபேசிகளும்",
      "quantity": 1,
      "category": 2,
      "origin": "தமிழ்நாடு",
      "description": "நெட்பிளிக்சு தளத்தின் அதி தீவிர ரசிகர்களைக் கொண்ட \" பணத் திருட்டு \" நிகழ்ச்சியின் கருத்துக்களைக் கொண்ட கைபேசி உறைகள் .\r\n\r\nநேரம் பணத்தை விட மிக முக்கியமானது என்ற வாத்தியாரின் கூற்றைக் கொண்ட இந்த கைபேசி உறையை வாங்கி தங்களது கைபேசியை அலங்கரியுங்கள்.",
      "imageurl": "product/mh_1.jpg",
      "created_at": "2020-12-20T07:48:41.733Z",
      "materials": [3]
    }
  },
  {
    "model": "products.product",
    "pk": 36,
    "fields": {
      "product_id": "22212",
      "name": "ஆபத்தாக வாழ் | பணத்திருட்டு | பொது | கைபேசி உறை",
      "brand": "இராவணன்",
      "manufacturer": "இராவணன்",
      "supported_devices": "அனைத்து வகை கைபேசிகளும்",
      "quantity": 1,
      "category": 2,
      "origin": "தமிழ்நாடு",
      "description": "நெட்பிளிக்சு தளத்தின் அதி தீவிர ரசிகர்களைக் கொண்டது \" பணத் திருட்டு \" நிகழ்ச்சி.\r\n\r\n இந்த கைபேசி உறையை வாங்கி தங்களது கைபேசியை அலங்கரியுங்கள்.",
      "imageurl": "product/mh_2.jpg",
      "created_at": "2020-12-20T07:51:06.183Z",
      "materials": [3]
    }
  },
  {
    "model": "products.product",
    "pk": 37,
    "fields": {
      "product_id": "22213",
      "name": "இது போர் ! | பணத்திருட்டு | பொது | கைபேசி உறை",
      "brand": "இராவணன்",
      "manufacturer": "இராவணன்",
      "supported_devices": "அனைத்து வகை கைபேசிகளும்",
      "quantity": 1,
      "category": 2,
      "origin": "தமிழ்நாடு",
      "description": "நெட்பிளிக்சு தளத்தின் அதி தீவிர ரசிகர்களைக் கொண்ட \" பணத் திருட்டு \" நிகழ்ச்சியின் கருத்துக்களைக் கொண்ட கைபேசி உறைகள் . \r\n\r\n\"இது ஒரு போர் \" என்ற வாத்தியாரின் கூற்றைக் கொண்ட இந்த கைபேசி உறையை வாங்கி தங்களது கைபேசியை அலங்கரியுங்கள்.",
      "imageurl": "product/mh_3.jpg",
      "created_at": "2020-12-20T07:52:37.401Z",
      "materials": [3]
    }
  },
  {
    "model": "products.product",
    "pk": 38,
    "fields": {
      "product_id": "31111",
      "name": "எந்நாடுடைய இயற்கையே போற்றி | நம்மாழ்வார் | படச்சட்டகம்",
      "brand": "இராவணன்",
      "manufacturer": "இராவணன்",
      "supported_devices": "-",
      "quantity": 1,
      "category": 3,
      "origin": "தமிழ்நாடு",
      "description": "எந்நாடுடைய இயற்கையே போற்றி | நம்மாழ்வார் | படச்சட்டகம்",
      "imageurl": "product/31111.jpg",
      "created_at": "2020-12-28T03:56:39.900Z",
      "materials": [4]
    }
  },
  {
    "model": "products.product",
    "pk": 39,
    "fields": {
      "product_id": "3121",
      "name": "இடுக்கண் வருங்கால் நகுக | திருவள்ளுவர் | படச்சட்டகம்",
      "brand": "இராவணன்",
      "manufacturer": "இராவணன்",
      "supported_devices": "-",
      "quantity": 1,
      "category": 3,
      "origin": "தமிழ்நாடு",
      "description": "இடுக்கண் வருங்கால் நகுக... திருவள்ளுவர் படச்சட்டகம்",
      "imageurl": "product/3121.jpg",
      "created_at": "2020-12-28T03:23:22.530Z",
      "materials": [4]
    }
  },
  {
    "model": "products.product",
    "pk": 40,
    "fields": {
      "product_id": "3122",
      "name": "தெய்வத்தான் ஆகாதெனினும் | திருவள்ளுவர் | படச்சட்டகம்",
      "brand": "இராவணன்",
      "manufacturer": "இராவணன்",
      "supported_devices": "-",
      "quantity": 1,
      "category": 3,
      "origin": "தமிழ்நாடு",
      "description": "தெய்வத்தான் ஆகாதெனினும் | திருவள்ளுவர் | படச்சட்டகம்",
      "imageurl": "product/3122.jpg",
      "created_at": "2020-12-28T03:29:30.863Z",
      "materials": [4]
    }
  },
  {
    "model": "products.product",
    "pk": 41,
    "fields": {
      "product_id": "3131",
      "name": "தமிழ் தேசியத் தலைவன் | மேதகுவே பிரபாகரன் | படச்சட்டகம்",
      "brand": "இராவணன்",
      "manufacturer": "இராவணன்",
      "supported_devices": "-",
      "quantity": 1,
      "category": 3,
      "origin": "தமிழ்நாடு",
      "description": "தமிழ் தேசியத் தலைவன் | மேதகுவே பிரபாகரன் | படச்சட்டகம்",
      "imageurl": "product/3131.jpg",
      "created_at": "2020-12-28T06:07:52.434Z",
      "materials": [4]
    }
  },
  {
    "model": "products.product",
    "pk": 42,
    "fields": {
      "product_id": "3132",
      "name": "வன்முறை | மேதகுவே பிரபாகரன் | படச்சட்டகம்",
      "brand": "இராவணன்",
      "manufacturer": "இராவணன்",
      "supported_devices": "-",
      "quantity": 1,
      "category": 3,
      "origin": "தமிழ்நாடு",
      "description": "வன்முறை | மேதகுவே பிரபாகரன் | படச்சட்டகம்",
      "imageurl": "product/3132.jpg",
      "created_at": "2020-12-28T06:08:51.548Z",
      "materials": [4]
    }
  },
  {
    "model": "products.product",
    "pk": 43,
    "fields": {
      "product_id": "3133",
      "name": "திருப்பிக் கொடு | மேதகுவே பிரபாகரன் | படச்சட்டகம்",
      "brand": "இராவணன்",
      "manufacturer": "இராவணன்",
      "supported_devices": "-",
      "quantity": 1,
      "category": 3,
      "origin": "தமிழ்நாடு",
      "description": "திருப்பிக் கொடு | மேதகுவே பிரபாகரன் | படச்சட்டகம்",
      "imageurl": "product/3133.jpg",
      "created_at": "2020-12-28T06:11:48.049Z",
      "materials": [4]
    }
  },
  {
    "model": "products.product",
    "pk": 44,
    "fields": {
      "product_id": "3134",
      "name": "சரித்திரம் | மேதகுவே பிரபாகரன் | படச்சட்டகம்",
      "brand": "இராவணன்",
      "manufacturer": "இராவணன்",
      "supported_devices": "-",
      "quantity": 1,
      "category": 3,
      "origin": "தமிழ்நாடு",
      "description": "திருப்பிக் கொடு | மேதகுவே பிரபாகரன் | படச்சட்டகம்",
      "imageurl": "product/3134.jpg",
      "created_at": "2020-12-28T06:12:59.396Z",
      "materials": [4]
    }
  },
  {
    "model": "products.product",
    "pk": 45,
    "fields": {
      "product_id": "3135",
      "name": "தலைவன் இறைவன் | மேதகுவே பிரபாகரன் | படச்சட்டகம்",
      "brand": "இராவணன்",
      "manufacturer": "இராவணன்",
      "supported_devices": "-",
      "quantity": 1,
      "category": 3,
      "origin": "தமிழ்நாடு",
      "description": "தலைவன் இறைவன் | மேதகுவே பிரபாகரன் | படச்சட்டகம்",
      "imageurl": "product/3135.jpg",
      "created_at": "2020-12-28T06:14:28.665Z",
      "materials": [4]
    }
  },
  {
    "model": "products.product",
    "pk": 46,
    "fields": {
      "product_id": "3136",
      "name": "தமிழினத் தலைவன் | மேதகுவே பிரபாகரன் | படச்சட்டகம்",
      "brand": "இராவணன்",
      "manufacturer": "இராவணன்",
      "supported_devices": "-",
      "quantity": 1,
      "category": 3,
      "origin": "தமிழ்நாடு",
      "description": "தமிழினத் தலைவன் | மேதகுவே பிரபாகரன் | படச்சட்டகம்",
      "imageurl": "product/3131_plhOsBj.jpg",
      "created_at": "2020-12-28T06:17:52.798Z",
      "materials": [4]
    }
  },
  {
    "model": "products.product",
    "pk": 47,
    "fields": {
      "product_id": "3181",
      "name": "இராசராச சோழன் படச்சட்டகம் | பொன்னியின் செல்வனும் கடாரம் கொண்டானும்",
      "brand": "இராவணன்",
      "manufacturer": "இராவணன்",
      "supported_devices": "-",
      "quantity": null,
      "category": 3,
      "origin": "தமிழ்நாடு",
      "description": "இராச ராசன் படச்சட்டகத்துடன் தங்கள் அறையின் சுவர்களை அலங்கரியுங்கள்",
      "imageurl": "product/raja_rajan_photo_frame.jpg",
      "created_at": "2020-12-25T09:01:02.302Z",
      "materials": [4]
    }
  },
  {
    "model": "products.product",
    "pk": 48,
    "fields": {
      "product_id": "213",
      "name": "தமிழ்நாட்டுக் கொடி | விதம் 1 |  கைபேசி உறை",
      "brand": "இராவணன்",
      "manufacturer": "இராவணன்",
      "supported_devices": "அனைத்து வகை கைபேசிகளும்",
      "quantity": 1,
      "category": 2,
      "origin": "தமிழ்நாடு",
      "description": "தமிழ்நாட்டுக் கொடி வடிவம் பொறித்த கைபேசி உறை.\r\nஇன்பத் தமிழ் நம் உயிருக்கு நேர் !",
      "imageurl": "product/TAMIL_KODI_1.jpg",
      "created_at": "2020-12-19T05:27:45.243Z",
      "materials": [3, 5]
    }
  },
  {
    "model": "products.productimage",
    "pk": 3,
    "fields": { "product": 18, "image": "product/vivasayi_2.jpg" }
  },
  {
    "model": "products.price",
    "pk": 1,
    "fields": {
      "product": 1,
      "material": null,
      "types": null,
      "mrp": 430,
      "discount": 25,
      "price": 322.0
    }
  },
  {
    "model": "products.price",
    "pk": 2,
    "fields": {
      "product": 2,
      "material": null,
      "types": null,
      "mrp": 680.0,
      "discount": 25,
      "price": 510.0
    }
  },
  {
    "model": "products.price",
    "pk": 3,
    "fields": {
      "product": 3,
      "material": null,
      "types": null,
      "mrp": 375.0,
      "discount": 0,
      "price": 350.0
    }
  },
  {
    "model": "products.price",
    "pk": 4,
    "fields": {
      "product": 4,
      "material": null,
      "types": null,
      "mrp": 375.0,
      "discount": 0,
      "price": 350.0
    }
  },
  {
    "model": "products.price",
    "pk": 5,
    "fields": {
      "product": 5,
      "material": null,
      "types": "Plastic",
      "mrp": 500.0,
      "discount": 0,
      "price": 470.0
    }
  },
  {
    "model": "products.price",
    "pk": 6,
    "fields": {
      "product": 6,
      "material": null,
      "types": null,
      "mrp": 400.0,
      "discount": 25,
      "price": 300.0
    }
  },
  {
    "model": "products.price",
    "pk": 7,
    "fields": {
      "product": 7,
      "material": null,
      "types": null,
      "mrp": 375.0,
      "discount": 0,
      "price": 350.0
    }
  },
  {
    "model": "products.price",
    "pk": 8,
    "fields": {
      "product": 8,
      "material": null,
      "types": null,
      "mrp": 250.0,
      "discount": 0,
      "price": 230.0
    }
  },
  {
    "model": "products.price",
    "pk": 9,
    "fields": {
      "product": 9,
      "material": null,
      "types": null,
      "mrp": 250.0,
      "discount": 25,
      "price": 230.0
    }
  },
  {
    "model": "products.price",
    "pk": 10,
    "fields": {
      "product": 10,
      "material": null,
      "types": null,
      "mrp": 250.0,
      "discount": 0,
      "price": 230.0
    }
  },
  {
    "model": "products.price",
    "pk": 11,
    "fields": {
      "product": 11,
      "material": null,
      "types": null,
      "mrp": 250.0,
      "discount": 0,
      "price": 230.0
    }
  },
  {
    "model": "products.price",
    "pk": 12,
    "fields": {
      "product": 12,
      "material": null,
      "types": null,
      "mrp": 370.0,
      "discount": 0,
      "price": 350.0
    }
  },
  {
    "model": "products.price",
    "pk": 13,
    "fields": {
      "product": 13,
      "material": null,
      "types": null,
      "mrp": 425.0,
      "discount": 0,
      "price": 400.0
    }
  },
  {
    "model": "products.price",
    "pk": 14,
    "fields": {
      "product": 14,
      "material": null,
      "types": null,
      "mrp": 425.0,
      "discount": 0,
      "price": 400.0
    }
  },
  {
    "model": "products.price",
    "pk": 15,
    "fields": {
      "product": 15,
      "material": null,
      "types": null,
      "mrp": 300.0,
      "discount": 0,
      "price": 280.0
    }
  },
  {
    "model": "products.price",
    "pk": 16,
    "fields": {
      "product": 16,
      "material": null,
      "types": null,
      "mrp": 300.0,
      "discount": 0,
      "price": 280.0
    }
  },
  {
    "model": "products.price",
    "pk": 17,
    "fields": {
      "product": 17,
      "material": null,
      "types": null,
      "mrp": 300.0,
      "discount": 0,
      "price": 280.0
    }
  },
  {
    "model": "products.price",
    "pk": 18,
    "fields": {
      "product": 18,
      "material": null,
      "types": null,
      "mrp": 399.0,
      "discount": 25,
      "price": 299.0
    }
  },
  {
    "model": "products.price",
    "pk": 19,
    "fields": {
      "product": 19,
      "material": null,
      "types": null,
      "mrp": 399.0,
      "discount": 25,
      "price": 299.0
    }
  },
  {
    "model": "products.price",
    "pk": 20,
    "fields": {
      "product": 20,
      "material": null,
      "types": null,
      "mrp": 399.0,
      "discount": 25,
      "price": 299.0
    }
  },
  {
    "model": "products.price",
    "pk": 21,
    "fields": {
      "product": 21,
      "material": null,
      "types": null,
      "mrp": 399.0,
      "discount": 25,
      "price": 299.0
    }
  },

  {
    "model": "products.price",
    "pk": 22,
    "fields": {
      "product": 22,
      "material": null,
      "types": null,
      "mrp": 399.0,
      "discount": 25,
      "price": 299.0
    }
  },
  {
    "model": "products.price",
    "pk": 23,
    "fields": {
      "product": 23,
      "material": null,
      "types": null,
      "mrp": 399.0,
      "discount": 25,
      "price": 299.0
    }
  },
  {
    "model": "products.price",
    "pk": 24,
    "fields": {
      "product": 24,
      "material": null,
      "types": null,
      "mrp": 399.0,
      "discount": 25,
      "price": 299.0
    }
  },

  {
    "model": "products.price",
    "pk": 25,
    "fields": {
      "product": 25,
      "material": null,
      "types": null,
      "mrp": 399.0,
      "discount": 0,
      "price": 299.0
    }
  },

  {
    "model": "products.price",
    "pk": 26,
    "fields": {
      "product": 26,
      "material": null,
      "types": null,
      "mrp": 399.0,
      "discount": 25,
      "price": 299.0
    }
  },

  {
    "model": "products.price",
    "pk": 27,
    "fields": {
      "product": 27,
      "material": null,
      "types": null,
      "mrp": 399.0,
      "discount": 25,
      "price": 299.0
    }
  },

  {
    "model": "products.price",
    "pk": 29,
    "fields": {
      "product": 29,
      "material": null,
      "types": null,
      "mrp": 399.0,
      "discount": 25,
      "price": 299.0
    }
  },

  {
    "model": "products.price",
    "pk": 30,
    "fields": {
      "product": 30,
      "material": null,
      "types": null,
      "mrp": 399.0,
      "discount": 25,
      "price": 299.0
    }
  },

  {
    "model": "products.price",
    "pk": 31,
    "fields": {
      "product": 31,
      "material": null,
      "types": null,
      "mrp": 399.0,
      "discount": 25,
      "price": 299.0
    }
  },

  {
    "model": "products.price",
    "pk": 32,
    "fields": {
      "product": 32,
      "material": null,
      "types": null,
      "mrp": 399.0,
      "discount": 25,
      "price": 299.0
    }
  },

  {
    "model": "products.price",
    "pk": 33,
    "fields": {
      "product": 33,
      "material": null,
      "types": null,
      "mrp": 399.0,
      "discount": 25,
      "price": 299.0
    }
  },

  {
    "model": "products.price",
    "pk": 34,
    "fields": {
      "product": 34,
      "material": null,
      "types": null,
      "mrp": 399.0,
      "discount": 25,
      "price": 299.0
    }
  },

  {
    "model": "products.price",
    "pk": 35,
    "fields": {
      "product": 35,
      "material": null,
      "types": null,
      "mrp": 399.0,
      "discount": 25,
      "price": 299.0
    }
  },

  {
    "model": "products.price",
    "pk": 36,
    "fields": {
      "product": 36,
      "material": null,
      "types": null,
      "mrp": 399.0,
      "discount": 25,
      "price": 299.0
    }
  },

  {
    "model": "products.price",
    "pk": 37,
    "fields": {
      "product": 37,
      "material": null,
      "types": null,
      "mrp": 399.0,
      "discount": 25,
      "price": 299.0
    }
  },

  {
    "model": "products.price",
    "pk": 38,
    "fields": {
      "product": 38,
      "material": null,
      "types": null,
      "mrp": 799.0,
      "discount": 25,
      "price": 599.0
    }
  },

  {
    "model": "products.price",
    "pk": 39,
    "fields": {
      "product": 39,
      "material": null,
      "types": null,
      "mrp": 799.0,
      "discount": 25,
      "price": 599.0
    }
  },

  {
    "model": "products.price",
    "pk": 40,
    "fields": {
      "product": 40,
      "material": null,
      "types": null,
      "mrp": 799.0,
      "discount": 25,
      "price": 599.0
    }
  },

  {
    "model": "products.price",
    "pk": 41,
    "fields": {
      "product": 41,
      "material": null,
      "types": null,
      "mrp": 799.0,
      "discount": 25,
      "price": 599.0
    }
  },

  {
    "model": "products.price",
    "pk": 42,
    "fields": {
      "product": 42,
      "material": null,
      "types": null,
      "mrp": 799.0,
      "discount": 25,
      "price": 599.0
    }
  },

  {
    "model": "products.price",
    "pk": 43,
    "fields": {
      "product": 43,
      "material": null,
      "types": null,
      "mrp": 799.0,
      "discount": 25,
      "price": 599.0
    }
  },

  {
    "model": "products.price",
    "pk": 44,
    "fields": {
      "product": 44,
      "material": null,
      "types": null,
      "mrp": 799.0,
      "discount": 25,
      "price": 599.0
    }
  },

  {
    "model": "products.price",
    "pk": 45,
    "fields": {
      "product": 45,
      "material": null,
      "types": null,
      "mrp": 799.0,
      "discount": 25,
      "price": 599.0
    }
  },

  {
    "model": "products.price",
    "pk": 46,
    "fields": {
      "product": 46,
      "material": null,
      "types": null,
      "mrp": 799.0,
      "discount": 25,
      "price": 599.0
    }
  },

  {
    "model": "products.price",
    "pk": 47,
    "fields": {
      "product": 47,
      "material": null,
      "types": null,
      "mrp": 500.0,
      "discount": 0,
      "price": 500.0
    }
  },

  {
    "model": "products.price",
    "pk": 48,
    "fields": {
      "product": 48,
      "material": null,
      "types": null,
      "mrp": 349.0,
      "discount": 25,
      "price": 249.0
    }
  }
]
